Location,State,Abbreviation,Latitude,Longitude,URN_URSN_loc,TPE_MN,TPE_ND,TPE_SD,TPE_MT
Aberdeen,Idaho,ABR,42.9656285,-112.79855,TRUE,FALSE,FALSE,FALSE,FALSE
Bonners Ferry,Idaho,BFR,48.69211,-116.31763,TRUE,FALSE,FALSE,FALSE,FALSE
Tetonia,Idaho,TET,43.817389,-111.15954,TRUE,FALSE,FALSE,FALSE,FALSE
Glenlea,Manitoba CANADA,GLL,49.6503038,-97.112911,TRUE,FALSE,FALSE,FALSE,FALSE
Winnipeg,Manitoba CANADA,WNP,49.811226,-97.12542,TRUE,FALSE,FALSE,FALSE,FALSE
Becker,Minnesota,BKR,45.394134,-93.869706,FALSE,TRUE,FALSE,FALSE,FALSE
Benson,Minnesota,BNS,45.315215,-95.596506,FALSE,TRUE,TRUE,FALSE,FALSE
Crookston,Minnesota,CRK,47.806576,-96.608666,TRUE,TRUE,TRUE,FALSE,FALSE
Fergus Falls,Minnesota,FRF,46.281455,-96.072938,FALSE,TRUE,TRUE,FALSE,FALSE
Hallock,Minnesota,HLK,48.775782,-96.946481,FALSE,TRUE,TRUE,FALSE,FALSE
Humboldt,Minnesota,HBT,48.921488,-97.094825,FALSE,TRUE,TRUE,FALSE,FALSE
Lamberton,Minnesota,LMB,44.231173,-95.26452,FALSE,TRUE,FALSE,FALSE,FALSE
Kimball,Minnesota,KBL,45.313166,-94.297919,FALSE,TRUE,FALSE,FALSE,FALSE
Le Center,Minnesota,LCR,44.388472,-93.730792,FALSE,TRUE,FALSE,FALSE,FALSE
Morris,Minnesota,MRS,45.6140369,-95.734614,TRUE,TRUE,FALSE,FALSE,FALSE
Oklee,Minnesota,OKL,47.838808,-95.853986,FALSE,TRUE,FALSE,FALSE,FALSE
Perley,Minnesota,PRL,47.177449,-96.804666,FALSE,TRUE,TRUE,FALSE,FALSE
Roseau,Minnesota,ROS,48.844365,-95.757511,FALSE,TRUE,FALSE,FALSE,FALSE
Sabin,Minnesota,SBN,46.780034,-96.648543,TRUE,TRUE,TRUE,FALSE,FALSE
Stephen,Minnesota,STN,48.451727,-96.874029,FALSE,TRUE,TRUE,FALSE,FALSE
St. Paul,Minnesota,STP,44.990279,-93.179955,TRUE,TRUE,FALSE,FALSE,FALSE
Strathcona,Minnesota,STR,48.554271,-96.167726,FALSE,TRUE,FALSE,FALSE,FALSE
Waseca,Minnesota,WSC,44.077,-93.5084,TRUE,TRUE,FALSE,FALSE,FALSE
Bozeman,Montana,BZM,45.668552,-111.05245,TRUE,FALSE,FALSE,FALSE,TRUE
Conrad,Montana,CON,48.172807,-111.94713,TRUE,FALSE,FALSE,FALSE,TRUE
Havre,Montana,HVR,48.540239,-109.69091,TRUE,FALSE,FALSE,FALSE,TRUE
Moccasin,Montana,MSN,47.0528817,-109.90983,TRUE,FALSE,FALSE,FALSE,TRUE
Rudyard,Montana,RUD,48.561264,-110.553906,FALSE,FALSE,FALSE,FALSE,TRUE
Sidney,Montana,SID,47.72727,-104.14735,TRUE,FALSE,FALSE,FALSE,TRUE
Huntley,Montana,HTL,45.898615,-108.305196,FALSE,FALSE,FALSE,FALSE,TRUE
Fort Benton,Montana,FBT,47.806762,-110.684422,FALSE,FALSE,FALSE,FALSE,TRUE
Kalispell,Montana,KLP,48.196258,-114.317594,FALSE,FALSE,FALSE,FALSE,TRUE
Lind,Nebraska,LND,46.96978,-118.61513,TRUE,FALSE,FALSE,FALSE,FALSE
Mead,Nebraska,MED,41.22861,-96.48889,TRUE,FALSE,FALSE,FALSE,FALSE
Sidney,Nebraska,SDN,41.142692,-102.96595,TRUE,FALSE,FALSE,FALSE,FALSE
Brandon,North Dakota,BRD,49.8679651,-99.974062,TRUE,FALSE,TRUE,FALSE,FALSE
Carrington,North Dakota,CRT,47.5090572,-99.117707,TRUE,FALSE,TRUE,FALSE,FALSE
Casselton,North Dakota,CST,46.888056,-97.218285,TRUE,TRUE,TRUE,FALSE,FALSE
Dickinson,North Dakota,DSN,46.874967,-102.77587,TRUE,FALSE,TRUE,FALSE,FALSE
Fargo,North Dakota,FRG,46.8901035,-96.803616,TRUE,TRUE,TRUE,FALSE,FALSE
Forman,North Dakota,FRM,46.086415,-97.636315,TRUE,FALSE,TRUE,FALSE,FALSE
Hettinger,North Dakota,HTG,46.010248,-102.64536,TRUE,FALSE,TRUE,FALSE,FALSE
Langdon,North Dakota,LGD,48.7603192,-98.367252,TRUE,FALSE,TRUE,FALSE,FALSE
Minot,North Dakota,MNT,48.2333496,-101.29201,TRUE,FALSE,TRUE,FALSE,FALSE
Osnabrock,North Dakota,OS,48.669368,-98.152342,FALSE,FALSE,TRUE,FALSE,FALSE
Berthold,North Dakota,BTD,48.318638,-101.733155,TRUE,FALSE,TRUE,FALSE,FALSE
Prosper,North Dakota,PRP,47.0013717,-97.112242,TRUE,TRUE,TRUE,FALSE,FALSE
Thompson,North Dakota,TPS,47.774861,-97.104611,TRUE,TRUE,TRUE,FALSE,FALSE
Williston,North Dakota,WLT,48.146847,-103.62025,TRUE,FALSE,TRUE,FALSE,TRUE
Saskatoon,Saskatchewan CANADA,SKT,52.146973,-106.64703,TRUE,FALSE,FALSE,FALSE,FALSE
Swift Current,Saskatchewan CANADA,SWC,50.282358,-107.85373,TRUE,FALSE,FALSE,FALSE,FALSE
Agar,South Dakota,AGAR,44.838457,-100.073033,FALSE,FALSE,FALSE,TRUE,FALSE
Aurora,South Dakota,AUR,44.282406,-96.685244,FALSE,FALSE,FALSE,TRUE,FALSE
Brookings,South Dakota,BRK,44.320881,-96.77264,TRUE,FALSE,FALSE,TRUE,FALSE
Claire City Roberts County,South Dakota,RBTS,45.857606,-97.103572,FALSE,FALSE,TRUE,TRUE,FALSE
Dakota Lakes,South Dakota,DL,44.292835,-100.006851,FALSE,FALSE,FALSE,TRUE,FALSE
Faulkton,South Dakota,FAL,45.032244,-99.125895,FALSE,FALSE,FALSE,TRUE,FALSE
Groton,South Dakota,GRO,45.445,-98.101496,TRUE,FALSE,FALSE,TRUE,FALSE
Highmore,South Dakota,HMR,44.52139,-99.43944,TRUE,FALSE,FALSE,TRUE,FALSE
Letcher,South Dakota,LET,43.899444,-98.144167,FALSE,FALSE,FALSE,TRUE,FALSE
Miller,South Dakota,MIL,44.52,-98.986389,FALSE,FALSE,FALSE,TRUE,FALSE
Redfield,South Dakota,RED,44.875145,-98.51785,TRUE,FALSE,FALSE,TRUE,FALSE
Selby,South Dakota,SEL,45.502869,-100.03346,TRUE,FALSE,FALSE,TRUE,FALSE
Volga,South Dakota,VOL,44.300993,-96.92413,FALSE,FALSE,FALSE,TRUE,FALSE
Watertown,South Dakota,WAT,44.8994,-97.1151,TRUE,FALSE,FALSE,TRUE,FALSE
Pullman,Washington,PLM,46.723093,-117.13975,TRUE,FALSE,FALSE,FALSE,FALSE
Madison,Wisconsin,MAD,43.0761755,-89.412508,TRUE,FALSE,FALSE,FALSE,FALSE
Powell,Wyoming,PWL,44.776217,-108.75889,TRUE,FALSE,FALSE,FALSE,TRUE
Sheridan,Wyoming,SHR,44.79672,-106.95897,TRUE,FALSE,FALSE,FALSE,TRUE
Torrington,Wyoming,TOR,42.06246,-104.18439,TRUE,FALSE,FALSE,FALSE,FALSE
